"etats","19","5","10","7","50","32","33","55","31","45","3","30","6","15","13","41","42","47","16","4","18","9","22","17","40","0","23","21","20","24","43","1","36","12","44","8","38","37","46","2","14","34","35","11","39","$","elsif_expr_then_instr","elsif_expr_then_instr+","expr6","expr5","expr3","if_expr","expr4","expr2","exprp","instr","expr","fichier'","params","instr+","expr1","expr_virgule+","include_statement+","ident_virgule+","include_statement","procedure_statement","decl+","type","champs+","mode","champs","ident","param_points_virgule+","decl","param"
"I0","","","","","","","","","","","","","","","","","","","","","","","","","","","","","","d3","","","","","","","","","","","","","","","","","","","","","","","","","","","","","","","","","d1","","d2","","","","","","","","","",""
"I1","","","","","","","","","","","","","","d5","","","","","","","","","","","","","","","","","","","","","","","","","","","","","","","","","","","","","","","","","","","","","","","","","","","","d4","","","","","","","","",""
"I2","","","","","","","","","","","","","","r2","","","","","","","","","","","","","","","","d3","","","","","","","","","","","","","","","","","","","","","","","","","","","","","","","","","d6","","d2","","","","","","","","","",""
"I3","","","","","","","","d8","","","","","","","","","","","","","","","","","","","","","","","","","","","","","","","","","","","","","","","","","","","","","","","","","","","","","","","","","","","","","","","","d7","","",""
"I4","","","","","","","","","","","","","","","","","","","","","","","","","","","","","","","","","","","","","","","","","","","","","","r0","","","","","","","","","","","","","","","","","","","","","","","","","","","","",""
"I5","","","","","","","","d8","","","","","","","","","","","","","","","","","","","","","","","","","","","","","","","","","","","","","","","","","","","","","","","","","","","","","","","","","","","","","","","","d9","","",""
"I6","","","","","","","","","","","","","","r1","","","","","","","","","","","","","","","","","","","","","","","","","","","","","","","","","","","","","","","","","","","","","","","","","","","","","","","","","","","","",""
"I7","","","","","","","","","","","","","","","","","d10","","","","","","","","","","","","","","","","","","","","","","","","","","","","","","","","","","","","","","","","","","","","","","","","","","","","","","","","","",""
"I8","","","","","","","","","","","","","","","","r98","r98","","","","r98","r98","","","r98","","","","","","r98","","","","r98","r98","","","r98","","","","","","","","","","","","","","","","","","","","","","","","","","","","","","","","","","","",""
"I9","","","","","","","","","","","","","","","","","","","","","","d11","","","","","","","","","","","","","","","","","","","","","","","","","","","","","","","","","","","","","","","","","","","","","","","","","","","","",""
"I10","","","","","","","","","","","","","","","","","","","","","","","d12","","","","","","","","","","","","","","","","","","","","","","","","","","","","","","","","","","","","","","","","","","","","","","","","","","","",""
"I11","","","","","","","","d8","","","","","d19","d14","","","","","","","","","","","","","","d15","","","","d16","","","","","","","","","","","","","","","","","","","","","","","","","","","","","","","","d20","","","d13","","","","","d17","","d18",""
"I12","","","","","","","","d8","","","","","","","","","","","","","","","","","","","","","","","","","","","","","","","","","","","","","","","","","","","","","","","","","","","","","","","","","","","","","","","","d21","","",""
"I13","","","","","","","","","","","","","","","","","","","","","","","","","","","","","","","","d22","","","","","","","","","","","","","","","","","","","","","","","","","","","","","","","","","","","","","","","","","","",""
"I14","","","","","","","","d8","","","","","","","","","","","","","","","","","","","","","","","","","","","","","","","","","","","","","","","","","","","","","","","","","","","","","","","","","","","","","","","","d23","","",""
"I15","","","","","","","","d8","","","","","","","","","","","","","","","","","","","","","","","","","","","","","","","","","","","","","","","","","","","","","","","","","","","","","","","","","","","","","","","","d24","","",""
"I16","","d29","","d33","","","","d8","","","","","","","","","","","","","d31","","","","","","d26","","","","","d30","","","","","","","","","","","","","","","","","","","","d27","","","","d25","","","","d28","","","","","","","","","","","","d32","","",""
"I17","","","","","","","","","","","","","","","","r96","","","","","","","","","","","","","","","","","","","","","","","d34","","","","","","","","","","","","","","","","","","","","","","","","","","","","","","","","","","","",""
"I18","","","","","","","","d8","","","","","d19","d14","","","","","","","","","","","","","","d15","","","","r8","","","","","","","","","","","","","","","","","","","","","","","","","","","","","","","","d20","","","d35","","","","","d17","","d18",""
"I19","","","","","","","","d8","","","","","","","","","","","","","","","","","","","","","","","","","","","","","","","","","","","","","","","","","","","","","","","","","","","","","","","","","","","","","","","","d36","","",""
"I20","","","","","","","","","","","","","","","","d37","","","","","","","","","","","","","","","","","","","","","","","","","","","","","","","","","","","","","","","","","","","","","","","","","","","","","","","","","","",""
"I21","","","","","","","","","","","","","","","","","d38","","","","","","","","","","","","","","","","","","","","","","","","","","","","","","","","","","","","","","","","","","","","","","","","","","","","","","","","","",""
"I22","","d29","","d33","","","","d8","","","","","","","","","","","","","d31","","","","","","d26","","","","","d30","","","","","","","","","","","","","","","","","","","","d27","","","","d25","","","","d39","","","","","","","","","","","","d32","","",""
"I23","","","","","","","","","","","","","","","","","","","","","","d40","","","","","","","","","d42","","","","","","","","","","","","","","","","","","","","","","","","","","","","d41","","","","","","","","","","","","","","","",""
"I24","","","","","","","","","","","","","","","","","d44","","","","","d43","","","","","","","","","","","","","","","","","","","","","","","","","","","","","","","","","","","","","","","","","","","","","","","","","","","","",""
"I25","","d29","","d33","","","","d8","","","r77","","","","","","","","","r77","d31","","","","","","d26","","","","","d30","","","","","","","","r77","","","","","","","","","","","","d27","","","","d25","","","","d45","","","","","","","","","","","","d32","","",""
"I26","","","","","d58","","","d49","d60","","","","","","","","","","","","","","","","","","","","","","d51","","","d59","","","","","","","","","","d57","","","","","d47","d50","d52","","d55","d54","d53","","d48","","","","d56","","","","","","","","","","","d46","","",""
"I27","","d29","","d33","","","","d8","","","","","","","","","","","","","d31","","","","","","d26","","","","","d30","","","","","","","","","","","","","","","","","","","","d27","","","","d25","","","","d61","","","","","","","","","","","","d32","","",""
"I28","","","","","","","","","","","","","","","","","","","","d62","","","","","","","","","","","","","","","","","","","","","","","","","","","","","","","","","","","","","","","","","","","","","","","","","","","","","","",""
"I29","","","","","","","","d8","","","","","","","","","","","","","","","","","","","","","","","","","","","","","","","","","","","","","","","","","","","","","","","","","","","","","","","","","","","","","","","","d63","","",""
"I30","","d29","","d33","","","","d8","","","","","","","","","","","","","d31","","","","","","d26","","","","","d30","","","","","","","","","","","","","","","","","","","","d27","","","","d25","","","","d64","","","","","","","","","","","","d32","","",""
"I31","","","","","d58","","","d49","d60","","","","","","","","d66","","","","","","","","","","","","","","d51","","","d59","","","","","","","","","","d57","","","","","d47","d50","d52","","d55","d54","d53","","d65","","","","d56","","","","","","","","","","","d46","","",""
"I32","","","","","","","","","","","","","","","","","d68","","","","","","","","d69","","","","","","d67","","","","","","","","","","","","","","","","","","","","","","","","","","","","","","","","","","","","","","","","","","","",""
"I33","","","","","d58","","","d49","d60","","","","","","","","","","","","","","","","","","","","","","d51","","","d59","","","","","","","","","","d57","","","","","d47","d50","d52","","d55","d54","d53","","d70","","","","d56","","","","","","","","","","","d46","","",""
"I34","","","","","","","","d8","","","","","","","","","","","","","","","","","","","","","","","","","","","","","","","","","","","","","","","","","","","","","","","","","","","","","","","","d71","","","","","","","","d17","","",""
"I35","","","","","","","","","","","","","","","","","","","","","","","","","","","","","","","","r9","","","","","","","","","","","","","","","","","","","","","","","","","","","","","","","","","","","","","","","","","","",""
"I36","","","","","","","","","","","","","","","","","","","","","d72","","","","","","","","","","d42","","","","","","","","","","","","","","","","","","","","","","","","","","","","d73","","","","","","","","","","","","","","","",""
"I37","","","","","","","","d8","","","","","","","","","","","","","","","","","","","","","","","","","","","","","","","","","","","","","","","","","","","","","","","","","","","","","","","","","","","","d75","","","","d74","","",""
"I38","","","","","","","","","","","","","","r3","","","","","","","","","","","","","","","","r3","","","","","","","","","","","","","","","","","","","","","","","","","","","","","","","","","","","","","","","","","","","","",""
"I39","","","","","","","","","","","","","","","","","","","","d76","","","","","","","","","","","","","","","","","","","","","","","","","","","","","","","","","","","","","","","","","","","","","","","","","","","","","","",""
"I40","","","","","","","","d8","","","","","d19","d14","","","","","","","","","","","","","","d15","","","","d78","","","","","","","","","","","","","","","","","","","","","","","","","","","","","","","","d20","","","d77","","","","","d17","","d18",""
"I41","","","","","","","","","","","","","","","","","","","","","","d79","","","","","","","","","","","","","","","","","","","","","","","","","","","","","","","","","","","","","","","","","","","","","","","","","","","","",""
"I42","","","","","","","","d8","","","","","","","","","","","","","","","","","","","","","","","","","","","","","","","","","","","","","","","","","","","","","","","","","","","","","","","","d82","","","","","","","","d17","d80","","d81"
"I43","","","","","","","","","","","","","","","","","","","d83","","","","","","","","","","","","","","","","","","","","","","","","","","","","","","","","","","","","","","","","","","","","","","","","","","","","","","","",""
"I44","","","","","","","","r10","","","","","r10","r10","","","","","","","","","","","","","","r10","","","","r10","","","","","","","","","","","","","","","","","","","","","","","","","","","","","","","","","","","","","","","","","","",""
"I45","","","","","","","","","","","","","","","","","","","","r78","","","","","","","","","","","","","","","","","","","","","","","","","","","","","","","","","","","","","","","","","","","","","","","","","","","","","","",""
"I46","","","r74","","","r74","r74","","r74","r74","","r74","","","r74","","r74","","","","","","","r74","","r74","","","r74","","d84","","r74","","r74","","r74","r74","r74","","","r74","r74","","r74","","","","","","","","","","","","","","","","","","","","","","","","","","","","","",""
"I47","","","r63","","","r63","r63","","r63","r63","","r63","","","r63","","r63","","","","","","","r63","","r63","","","r63","","","","r63","","r63","","r63","r63","r63","","","r63","r63","","r63","","","","","","","","","","","","","","","","","","","","","","","","","","","","","",""
"I48","","","d86","","","","","","","","","","","","d85","","","","","","","","","","","","","","","","","","","","","","","","","","","","","","","","","","","","","","","","","","","","","","","","","","","","","","","","","","","",""
"I49","","","r98","","","r98","r98","","r98","r98","","r98","","","r98","","r98","d87","","","","","","r98","","r98","","","r98","","r98","","r98","","r98","","r98","r98","r98","","","r98","r98","","r98","","","","","","","","","","","","","","","","","","","","","","","","","","","","","",""
"I50","","","r60","","","d89","d90","","r60","r60","","r60","","","r60","","r60","","","","","","","d88","","r60","","","r60","","","","r60","","r60","","r60","r60","r60","","","r60","r60","","r60","","","","","","","","","","","","","","","","","","","","","","","","","","","","","",""
"I51","","","","","d58","","","d49","d60","","","","","","","","","","","","","","","","","","","","","","d51","","","d59","","","","","","","","","","d57","","","","","d47","d50","d52","","d55","d54","d53","","d91","","","","d56","","","","","","","","","","","d46","","",""
"I52","","","r52","","","","","","","r52","","","","","r52","","r52","","","","","","","","","r52","","","r52","","","","r52","","r52","","d92","r52","r52","","","d95","d93","","d94","","","","","","","","","","","","","","","","","","","","","","","","","","","","","",""
"I53","","","r47","","","","","","","r47","","","","","r47","","r47","","","","","","","","","r47","","","r47","","","","","","r47","","","","r47","","","","","","","","","","","","","","","","","","","","","","","","","","","","","","","","","","","",""
"I54","","","r50","","","","","","","r50","","","","","r50","","r50","","","","","","","","","r50","","","r50","","","","d97","","r50","","","d96","r50","","","","","","","","","","","","","","","","","","","","","","","","","","","","","","","","","","","",""
"I55","","","r55","","","","","","d98","r55","","d99","","","r55","","r55","","","","","","","","","r55","","","r55","","","","r55","","r55","","r55","r55","r55","","","r55","r55","","r55","","","","","","","","","","","","","","","","","","","","","","","","","","","","","",""
"I56","","","r44","","","","","","","r44","","","","","r44","","r44","","","","","","","","","d100","","","r44","","","","","","r44","","","","r44","","","","","","","","","","","","","","","","","","","","","","","","","","","","","","","","","","","",""
"I57","","","","","","","","","","","","","","","","","","","","","","","","","","","","","","","d101","","","","","","","","","","","","","","","","","","","","","","","","","","","","","","","","","","","","","","","","","","","",""
"I58","","","r67","","","r67","r67","","r67","r67","","r67","","","r67","","r67","","","","","","","r67","","r67","","","r67","","","","r67","","r67","","r67","r67","r67","","","r67","r67","","r67","","","","","","","","","","","","","","","","","","","","","","","","","","","","","",""
"I59","","","r71","","","r71","r71","","r71","r71","","r71","","","r71","","r71","","","","","","","r71","","r71","","","r71","","","","r71","","r71","","r71","r71","r71","","","r71","r71","","r71","","","","","","","","","","","","","","","","","","","","","","","","","","","","","",""
"I60","","","","","","","","","","","","","","","","","","","","","","","","","","","","","","","d102","","","","","","","","","","","","","","","","","","","","","","","","","","","","","","","","","","","","","","","","","","","",""
"I61","","","","","","","","","","","d106","","","","","","","","","d103","","","","","","","","","","","","","","","","","","","","d104","","","","","","","d107","d105","","","","","","","","","","","","","","","","","","","","","","","","","","",""
"I62","","","","","","","","d8","","","","","","","","","d108","","","","","","","","","","","","","","","","","","","","","","","","","","","","","","","","","","","","","","","","","","","","","","","","","","","","","","","d109","","",""
"I63","","","","","","","","","","","","","","","","","","","","","","","","","","","","","","","","","","","","d110","","","","","","","","","","","","","","","","","","","","","","","","","","","","","","","","","","","","","","",""
"I64","","","","","","","","","","","","","","","","","","","","d111","","","","","","","","","","","","","","","","","","","","","","","","","","","","","","","","","","","","","","","","","","","","","","","","","","","","","","",""
"I65","","","","","","","","","","","","","","","d85","","d112","","","","","","","","","","","","","","","","","","","","","","","","","","","","","","","","","","","","","","","","","","","","","","","","","","","","","","","","","",""
"I66","","r87","","r87","","","","r87","","","r87","","","","","","","","","r87","r87","","","","","","r87","","","","","r87","","","","","","","","r87","","","","","","","","","","","","","","","","","","","","","","","","","","","","","","","","","","",""
"I67","","","","","d58","","","d49","d60","","","","","","","","","","","","","","","","","","","","","","d51","","","d59","","","","","","","","","","d57","","","","","d47","d50","d52","","d55","d54","d53","","d113","","","","d56","d114","","","","","","","","","","d46","","",""
"I68","","r84","","r84","","","","r84","","","r84","","","","","","","","","r84","r84","","","","","","r84","","","","","r84","","","","","","","","r84","","","","","","","","","","","","","","","","","","","","","","","","","","","","","","","","","","",""
"I69","","","","","d58","","","d49","d60","","","","","","","","","","","","","","","","","","","","","","d51","","","d59","","","","","","","","","","d57","","","","","d47","d50","d52","","d55","d54","d53","","d115","","","","d56","","","","","","","","","","","d46","","",""
"I70","","","","","","","","","","","","","","","d85","","","","","","","","","","","","","","d116","","","","","","","","","","","","","","","","","","","","","","","","","","","","","","","","","","","","","","","","","","","","","",""
"I71","","","","","","","","","","","","","","","","r97","","","","","","","","","","","","","","","","","","","","","","","","","","","","","","","","","","","","","","","","","","","","","","","","","","","","","","","","","","",""
"I72","","","","","","","","d8","","","","","","","","","","","","","","","","","","","","","","","","","","","","","","","","","","","","","","","","","","","","","","","","","","","","","","","","","","","","d117","","","","d74","","",""
"I73","","","","","","","","","","","","","","","","","","","","","d118","","","","","","","","","","","","","","","","","","","","","","","","","","","","","","","","","","","","","","","","","","","","","","","","","","","","","",""
"I74","","","","","","","","","","","","","","","","","r33","","","","","r33","","","r33","","","","","","","","","","r33","","","","","","","","","","","","","","","","","","","","","","","","","","","","","","","","","","","","","","","",""
"I75","","","","","","","","","","","","","","","","","d119","","","","","","","","d120","","","","","","","","","","","","","","","","","","","","","","","","","","","","","","","","","","","","","","","","","","","","","","","","","",""
"I76","","","","","","","","d8","","","","","","","","","d121","","","","","","","","","","","","","","","","","","","","","","","","","","","","","","","","","","","","","","","","","","","","","","","","","","","","","","","d122","","",""
"I77","","","","","","","","","","","","","","","","","","","","","","","","","","","","","","","","d123","","","","","","","","","","","","","","","","","","","","","","","","","","","","","","","","","","","","","","","","","","",""
"I78","","d29","","d33","","","","d8","","","","","","","","","","","","","d31","","","","","","d26","","","","","d30","","","","","","","","","","","","","","","","","","","","d27","","","","d25","","","","d124","","","","","","","","","","","","d32","","",""
"I79","","","","","","","","d8","","","","","d19","d14","","","","","","","","","","","","","","d15","","","","d126","","","","","","","","","","","","","","","","","","","","","","","","","","","","","","","","d20","","","d125","","","","","d17","","d18",""
"I80","","","","","","","","","","","","","","","","","","","","","","","","","","","","","","","","","","","d127","","","","","","","","","","","","","","","","","","","","","","","","","","","","","","","","","","","","","","","",""
"I81","","","","","","","","","","","","","","","","","d128","","","","","","","","","","","","","","","","","","r35","","","","","","","","","","","","","","","","","","","","","","","","","","","","","","","","","","","","","","","",""
"I82","","","","","","","","","","","","","","","","d129","","","","","","","","","","","","","","","","","","","","","","","","","","","","","","","","","","","","","","","","","","","","","","","","","","","","","","","","","","",""
"I83","","","","","","","","d8","","","","","","","","","","","","","","","","","","","","","","","","","","","","","","","","","","","","","","","","","","","","","","","","","","","","","","","","d132","","","","","d130","","d131","d17","","",""
"I84","","","","","d58","","","d49","d60","","","","","","","","","","","","","","","","","","","","","","d51","","","d59","","","","","","","","","","d57","","","","","d47","d50","d52","","d55","d54","d53","","d113","","","","d56","d133","","","","","","","","","","d46","","",""
"I85","","","","","d58","","","d49","d60","","","","","","","","","","","","","","","","","","","","","","d51","","","d59","","","","","","d134","","","","d57","","","","","d47","d50","d52","","d55","d54","d53","","","","","","d135","","","","","","","","","","","d46","","",""
"I86","","d29","","d33","","","","d8","","","","","","","","","","","","","d31","","","","","","d26","","","","","d30","","","","","","","","","","","","","","","","","","","","d27","","","","d25","","","","d136","","","","","","","","","","","","d32","","",""
"I87","","","","","","","","d137","","","","","","","","","","","","","","","","","","","","","","","","","","","","","","","","","","","","","","","","","","","","","","","","","","","","","","","","","","","","","","","","","","",""
"I88","","","","","d58","","","d49","d60","","","","","","","","","","","","","","","","","","","","","","d51","","","d59","","","","","","","","","","","","","","","d138","","","","","","","","","","","","","","","","","","","","","","","d46","","",""
"I89","","","","","d58","","","d49","d60","","","","","","","","","","","","","","","","","","","","","","d51","","","d59","","","","","","","","","","","","","","","d139","","","","","","","","","","","","","","","","","","","","","","","d46","","",""
"I90","","","","","d58","","","d49","d60","","","","","","","","","","","","","","","","","","","","","","d51","","","d59","","","","","","","","","","","","","","","d140","","","","","","","","","","","","","","","","","","","","","","","d46","","",""
"I91","","","","","","","","","","","","","","","d85","","","","","","","","","","","","","","","","","","","","d141","","","","","","","","","","","","","","","","","","","","","","","","","","","","","","","","","","","","","","","",""
"I92","","","","","d58","","","d49","d60","","","","","","","","","","","","","","","","","","","","","","d51","","","d59","","","","","","","","","","","","","","","d47","d50","","","d142","","","","","","","","","","","","","","","","","","","d46","","",""
"I93","","","","","d58","","","d49","d60","","","","","","","","","","","","","","","","","","","","","","d51","","","d59","","","","","","","","","","","","","","","d47","d50","","","d143","","","","","","","","","","","","","","","","","","","d46","","",""
"I94","","","","","d58","","","d49","d60","","","","","","","","","","","","","","","","","","","","","","d51","","","d59","","","","","","","","","","","","","","","d47","d50","","","d144","","","","","","","","","","","","","","","","","","","d46","","",""
"I95","","","","","d58","","","d49","d60","","","","","","","","","","","","","","","","","","","","","","d51","","","d59","","","","","","","","","","","","","","","d47","d50","","","d145","","","","","","","","","","","","","","","","","","","d46","","",""
"I96","","","","","d58","","","d49","d60","","","","","","","","","","","","","","","","","","","","","","d51","","","d59","","","","","","","","","","","","","","","d47","d50","d146","","d55","","","","","","","","","","","","","","","","","","","d46","","",""
"I97","","","","","d58","","","d49","d60","","","","","","","","","","","","","","","","","","","","","","d51","","","d59","","","","","","","","","","","","","","","d47","d50","d147","","d55","","","","","","","","","","","","","","","","","","","d46","","",""
"I98","","","","","d58","","","d49","d60","","","","","","","","","","","","","","","","","","","","","","d51","","","d59","","","","","","","","","","","","","","","d47","d148","","","","","","","","","","","","","","","","","","","","","","d46","","",""
"I99","","","","","d58","","","d49","d60","","","","","","","","","","","","","","","","","","","","","","d51","","","d59","","","","","","","","","","","","","","","d47","d149","","","","","","","","","","","","","","","","","","","","","","d46","","",""
"I100","","","","","d58","","","d49","d60","","","","","","","","","","","","","","","","","","","","d150","","d51","","","d59","","","","","","","","","","d57","","","","","d47","d50","d52","","d55","d54","d151","","","","","","","","","","","","","","","","","d46","","",""
"I101","","","","","d58","","","d49","d60","","","","","","","","","","","","","","","","","","","","","","d51","","","d59","","","","","","","","","","d57","","","","","d47","d50","d52","","d55","d54","d53","","d152","","","","d56","","","","","","","","","","","d46","","",""
"I102","","","","","d58","","","d49","d60","","","","","","","","","","","","","","","","","","","","","","d51","","","d59","","","","","","","","","","d57","","","","","d47","d50","d52","","d55","d54","d53","","d153","","","","d56","","","","","","","","","","","d46","","",""
"I103","","","","d154","","","","","","","","","","","","","","","","","","","","","","","","","","","","","","","","","","","","","","","","","","","","","","","","","","","","","","","","","","","","","","","","","","","","","","",""
"I104","","d29","","d33","","","","d8","","","","","","","","","","","","","d31","","","","","","d26","","","","","d30","","","","","","","","","","","","","","","","","","","","d27","","","","d25","","","","d155","","","","","","","","","","","","d32","","",""
"I105","","","","","","","","","","","","","","","","","","","","d156","","","","","","","","","","","","","","","","","","","","d157","","","","","","","","","","","","","","","","","","","","","","","","","","","","","","","","","","",""
"I106","","","","","d58","","","d49","d60","","","","","","","","","","","","","","","","","","","","","","d51","","","d59","","","","","","","","","","d57","","","","","d47","d50","d52","","d55","d54","d53","","d158","","","","d56","","","","","","","","","","","d46","","",""
"I107","","","","","","","","","","","d106","","","","","","","","","r79","","","","","","","","","","","","","","","","","","","","r79","","","","","","","d107","d159","","","","","","","","","","","","","","","","","","","","","","","","","","",""
"I108","","","","","","","","","","","","","","","","","","","","","","","","","","","","","","","","","","","","","","","","","","","","","","r7","","","","","","","","","","","","","","","","","","","","","","","","","","","","",""
"I109","","","","","","","","","","","","","","","","","d160","","","","","","","","","","","","","","","","","","","","","","","","","","","","","","","","","","","","","","","","","","","","","","","","","","","","","","","","","",""
"I110","d161","","","","d58","","","d49","d60","","","","","","","","","","","","","","","","","","","","","","d51","","","d59","","","","","","","","","","d57","","","","","d47","d50","d52","","d55","d54","d53","","d162","","","","d56","","","","","","","","","","","d46","","",""
"I111","","","","","","","","","","","","","","","","","d163","","","","","","","","","","","","","","","","","","","","","","","","","","","","","","","","","","","","","","","","","","","","","","","","","","","","","","","","","",""
"I112","","r86","","r86","","","","r86","","","r86","","","","","","","","","r86","r86","","","","","","r86","","","","","r86","","","","","","","","r86","","","","","","","","","","","","","","","","","","","","","","","","","","","","","","","","","","",""
"I113","","","","","","","","","","","","","","","d85","","","","","","","","","","","","","","","","","","","","r42","","","","d164","","","","","","","","","","","","","","","","","","","","","","","","","","","","","","","","","","","",""
"I114","","","","","","","","","","","","","","","","","","","","","","","","","","","","","","","","","","","d165","","","","","","","","","","","","","","","","","","","","","","","","","","","","","","","","","","","","","","","",""
"I115","","","","","","","","","","","","","","","d85","","d166","","","","","","","","","","","","","","","","","","","","","","","","","","","","","","","","","","","","","","","","","","","","","","","","","","","","","","","","","",""
"I116","","r82","","r82","","","","r82","","","","","","","","","","","","","r82","","","","","","r82","","","","","r82","","","","","","","","","","","","","","","","","","","","","","","","","","","","","","","","","","","","","","","","","","",""
"I117","","","","","","","","","","","","","","","","","","","","","","d167","","","","","","","","","","","","","","","","","","","","","","","","","","","","","","","","","","","","","","","","","","","","","","","","","","","","",""
"I118","","","","","","","","d8","","","","","","","","","","","","","","","","","","","","","","","","","","","","","","","","","","","","","","","","","","","","","","","","","","","","","","","","","","","","d168","","","","d74","","",""
"I119","","","","","","","","r13","","","","","r13","r13","","","","","","","","","","","","","","r13","","","","r13","","","","","","","","","","","","","","","","","","","","","","","","","","","","","","","","","","","","","","","","","","",""
"I120","","","","","d58","","","d49","d60","","","","","","","","","","","","","","","","","","","","","","d51","","","d59","","","","","","","","","","d57","","","","","d47","d50","d52","","d55","d54","d53","","d169","","","","d56","","","","","","","","","","","d46","","",""
"I121","","","","","","","","","","","","","","","","","","","","","","","","","","","","","","","","","","","","","","","","","","","","","","r5","","","","","","","","","","","","","","","","","","","","","","","","","","","","",""
"I122","","","","","","","","","","","","","","","","","d170","","","","","","","","","","","","","","","","","","","","","","","","","","","","","","","","","","","","","","","","","","","","","","","","","","","","","","","","","",""
"I123","","d29","","d33","","","","d8","","","","","","","","","","","","","d31","","","","","","d26","","","","","d30","","","","","","","","","","","","","","","","","","","","d27","","","","d25","","","","d171","","","","","","","","","","","","d32","","",""
"I124","","","","","","","","","","","","","","","","","","","","d172","","","","","","","","","","","","","","","","","","","","","","","","","","","","","","","","","","","","","","","","","","","","","","","","","","","","","","",""
"I125","","","","","","","","","","","","","","","","","","","","","","","","","","","","","","","","d173","","","","","","","","","","","","","","","","","","","","","","","","","","","","","","","","","","","","","","","","","","",""
"I126","","d29","","d33","","","","d8","","","","","","","","","","","","","d31","","","","","","d26","","","","","d30","","","","","","","","","","","","","","","","","","","","d27","","","","d25","","","","d174","","","","","","","","","","","","d32","","",""
"I127","","","","","","","","","","","","","","","","","","","","","r34","r34","","","","","","","","","","","","","","","","","","","","","","","","","","","","","","","","","","","","","","","","","","","","","","","","","","","","",""
"I128","","","","","","","","d8","","","","","","","","","","","","","","","","","","","","","","","","","","","","","","","","","","","","","","","","","","","","","","","","","","","","","","","","d82","","","","","","","","d17","d175","","d81"
"I129","","","","","","","","d8","","","","","","","","","","","","","","","","","","","","","","","","","","","","d177","","","","","d176","","","","","","","","","","","","","","","","","","","","","","","","","","","d178","","d179","","d74","","",""
"I130","","","","","","","","","","","","","","","","","","","","d180","","","","","","","","","","","","","","","","","","","","","","","","","","","","","","","","","","","","","","","","","","","","","","","","","","","","","","",""
"I131","","","","","","","","d8","","","","","","","","","","","","r30","","","","","","","","","","","","","","","","","","","","","","","","","","","","","","","","","","","","","","","","","","","","d132","","","","","d181","","d131","d17","","",""
"I132","","","","","","","","","","","","","","","","d182","","","","","","","","","","","","","","","","","","","","","","","","","","","","","","","","","","","","","","","","","","","","","","","","","","","","","","","","","","",""
"I133","","","","","","","","","","","","","","","","","","","","","","","","","","","","","","","","","","","d183","","","","","","","","","","","","","","","","","","","","","","","","","","","","","","","","","","","","","","","",""
"I134","","","","","d58","","","d49","d60","","","","","","","","","","","","","","","","","","","","","","d51","","","d59","","","","","","","","","","d57","","","","","d47","d50","d52","","d55","d54","d53","","","","","","d184","","","","","","","","","","","d46","","",""
"I135","","","r45","","","","","","","","","","","","r45","","r45","","","","","","","","","d100","","","r45","","","","","","","","","","","","","","","","","","","","","","","","","","","","","","","","","","","","","","","","","","","","","",""
"I136","","","","","","","","","","","","","","","","","","","","d185","","","","","","","","","","","","","","","","","","","","","","","","","","","","","","","","","","","","","","","","","","","","","","","","","","","","","","",""
"I137","","","","","","","","","","","","","","","","","","","","","","","","","","","","","","","d186","","","","","","","","","","","","","","","","","","","","","","","","","","","","","","","","","","","","","","","","","","","",""
"I138","","","r66","","","r66","r66","","r66","","","r66","","","r66","","r66","","","","","","","r66","","r66","","","r66","","","","r66","","","","r66","r66","","","","r66","r66","","r66","","","","","","","","","","","","","","","","","","","","","","","","","","","","","",""
"I139","","","r65","","","r65","r65","","r65","","","r65","","","r65","","r65","","","","","","","r65","","r65","","","r65","","","","r65","","","","r65","r65","","","","r65","r65","","r65","","","","","","","","","","","","","","","","","","","","","","","","","","","","","",""
"I140","","","r64","","","r64","r64","","r64","","","r64","","","r64","","r64","","","","","","","r64","","r64","","","r64","","","","r64","","","","r64","r64","","","","r64","r64","","r64","","","","","","","","","","","","","","","","","","","","","","","","","","","","","",""
"I141","","","r72","","","r72","r72","","r72","","","r72","","","r72","","r72","","","","","","","r72","","r72","","","r72","","","","r72","","","","r72","r72","","","","r72","r72","","r72","","","","","","","","","","","","","","","","","","","","","","","","","","","","","",""
"I142","","","r58","","","","","","d98","","","d99","","","r58","","r58","","","","","","","","","r58","","","r58","","","","r58","","r58","","r58","r58","","","","r58","r58","","r58","","","","","","","","","","","","","","","","","","","","","","","","","","","","","",""
"I143","","","r57","","","","","","d98","","","d99","","","r57","","r57","","","","","","","","","r57","","","r57","","","","r57","","r57","","r57","r57","","","","r57","r57","","r57","","","","","","","","","","","","","","","","","","","","","","","","","","","","","",""
"I144","","","r59","","","","","","d98","","","d99","","","r59","","r59","","","","","","","","","r59","","","r59","","","","r59","","r59","","r59","r59","","","","r59","r59","","r59","","","","","","","","","","","","","","","","","","","","","","","","","","","","","",""
"I145","","","r56","","","","","","d98","","","d99","","","r56","","r56","","","","","","","","","r56","","","r56","","","","r56","","r56","","r56","r56","","","","r56","r56","","r56","","","","","","","","","","","","","","","","","","","","","","","","","","","","","",""
"I146","","","r54","","","","","","","","","","","","r54","","r54","","","","","","","","","r54","","","r54","","","","r54","","r54","","d92","r54","","","","d95","d93","","d94","","","","","","","","","","","","","","","","","","","","","","","","","","","","","",""
"I147","","","r53","","","","","","","","","","","","r53","","r53","","","","","","","","","r53","","","r53","","","","r53","","r53","","d92","r53","","","","d95","d93","","d94","","","","","","","","","","","","","","","","","","","","","","","","","","","","","",""
"I148","","","r62","","","d89","d90","","r62","","","r62","","","r62","","r62","","","","","","","d88","","r62","","","r62","","","","r62","","r62","","r62","r62","","","","r62","r62","","r62","","","","","","","","","","","","","","","","","","","","","","","","","","","","","",""
"I149","","","r61","","","d89","d90","","r61","","","r61","","","r61","","r61","","","","","","","d88","","r61","","","r61","","","","r61","","r61","","r61","r61","","","","r61","r61","","r61","","","","","","","","","","","","","","","","","","","","","","","","","","","","","",""
"I150","","","","","d58","","","d49","d60","","","","","","","","","","","","","","","","","","","","","","d51","","","d59","","","","","","","","","","d57","","","","","d47","d50","d52","","d55","d54","d187","","","","","","","","","","","","","","","","","d46","","",""
"I151","","","r48","","","","","","","","","","","","r48","","r48","","","","","","","","","r48","","","r48","","","","","","r48","","","","","","","","","","","","","","","","","","","","","","","","","","","","","","","","","","","","","","","",""
"I152","","","","","","","","","","","","","","","d85","","","","","","","","","","","","","","","","","","","","d188","","","","","","","","","","","","","","","","","","","","","","","","","","","","","","","","","","","","","","","",""
"I153","","","","","","","","","","","","","","","d85","","","","","","","","","","","","","","","","","","","","d189","","","","","","","","","","","","","","","","","","","","","","","","","","","","","","","","","","","","","","","",""
"I154","","","","","","","","","","","","","","","","","d190","","","","","","","","","","","","","","","","","","","","","","","","","","","","","","","","","","","","","","","","","","","","","","","","","","","","","","","","","",""
"I155","","","","","","","","","","","","","","","","","","","","d191","","","","","","","","","","","","","","","","","","","","","","","","","","","","","","","","","","","","","","","","","","","","","","","","","","","","","","",""
"I156","","","","d192","","","","","","","","","","","","","","","","","","","","","","","","","","","","","","","","","","","","","","","","","","","","","","","","","","","","","","","","","","","","","","","","","","","","","","",""
"I157","","d29","","d33","","","","d8","","","","","","","","","","","","","d31","","","","","","d26","","","","","d30","","","","","","","","","","","","","","","","","","","","d27","","","","d25","","","","d193","","","","","","","","","","","","d32","","",""
"I158","","","","","","","","","","","","","","","d85","","","","","","","","","","","","","","d194","","","","","","","","","","","","","","","","","","","","","","","","","","","","","","","","","","","","","","","","","","","","","",""
"I159","","","","","","","","","","","","","","","","","","","","r80","","","","","","","","","","","","","","","","","","","","r80","","","","","","","","","","","","","","","","","","","","","","","","","","","","","","","","","","",""
"I160","","","","","","","","","","","","","","","","","","","","","","","","","","","","","","","","","","","","","","","","","","","","","","r6","","","","","","","","","","","","","","","","","","","","","","","","","","","","",""
"I161","","","","","d58","","","d49","d60","","","","","","","","","","","","","","","","","","","","","","d51","","","d59","","","","","","","","","","d57","","","","","d47","d50","d52","","d55","d54","d53","","d195","","","","d56","","","","","","","","","","","d46","","",""
"I162","","","","","","","","","","d196","","","","","d85","","","","","","","","","","","","","","","","","","","","","","","","","","","","","","","","","","","","","","","","","","","","","","","","","","","","","","","","","","","",""
"I163","","r88","","r88","","","","r88","","","r88","","","","","","","","","r88","r88","","","","","","r88","","","","","r88","","","","","","","","r88","","","","","","","","","","","","","","","","","","","","","","","","","","","","","","","","","","",""
"I164","","","","","d58","","","d49","d60","","","","","","","","","","","","","","","","","","","","","","d51","","","d59","","","","","","","","","","d57","","","","","d47","d50","d52","","d55","d54","d53","","d113","","","","d56","d197","","","","","","","","","","d46","","",""
"I165","","","","","","","","","","","","","","","","","d198","","","","","","","","","","","","","","","","","","","","","","","","","","","","","","","","","","","","","","","","","","","","","","","","","","","","","","","","","",""
"I166","","r83","","r83","","","","r83","","","r83","","","","","","","","","r83","r83","","","","","","r83","","","","","r83","","","","","","","","r83","","","","","","","","","","","","","","","","","","","","","","","","","","","","","","","","","","",""
"I167","","","","","","","","d8","","","","","d19","d14","","","","","","","","","","","","","","d15","","","","d200","","","","","","","","","","","","","","","","","","","","","","","","","","","","","","","","d20","","","d199","","","","","d17","","d18",""
"I168","","","","","","","","","","","","","","","","","","","","","","d201","","","","","","","","","","","","","","","","","","","","","","","","","","","","","","","","","","","","","","","","","","","","","","","","","","","","",""
"I169","","","","","","","","","","","","","","","d85","","d202","","","","","","","","","","","","","","","","","","","","","","","","","","","","","","","","","","","","","","","","","","","","","","","","","","","","","","","","","",""
"I170","","","","","","","","","","","","","","","","","","","","","","","","","","","","","","","","","","","","","","","","","","","","","","r4","","","","","","","","","","","","","","","","","","","","","","","","","","","","",""
"I171","","","","","","","","","","","","","","","","","","","","d203","","","","","","","","","","","","","","","","","","","","","","","","","","","","","","","","","","","","","","","","","","","","","","","","","","","","","","",""
"I172","","","","","","","","d8","","","","","","","","","d204","","","","","","","","","","","","","","","","","","","","","","","","","","","","","","","","","","","","","","","","","","","","","","","","","","","","","","","d205","","",""
"I173","","d29","","d33","","","","d8","","","","","","","","","","","","","d31","","","","","","d26","","","","","d30","","","","","","","","","","","","","","","","","","","","d27","","","","d25","","","","d206","","","","","","","","","","","","d32","","",""
"I174","","","","","","","","","","","","","","","","","","","","d207","","","","","","","","","","","","","","","","","","","","","","","","","","","","","","","","","","","","","","","","","","","","","","","","","","","","","","",""
"I175","","","","","","","","","","","","","","","","","","","","","","","","","","","","","","","","","","","r36","","","","","","","","","","","","","","","","","","","","","","","","","","","","","","","","","","","","","","","",""
"I176","","","","","","","","r41","","","","","","","","","","","","","","","","","","","","","","","","","","","","","","","","","","","","","","","","","","","","","","","","","","","","","","","","","","","","","","","","","","",""
"I177","","","","","","","","r39","","","","","","","","","","","","","","","","","","","","","","","","","","","","","","","","","d208","","","","","","","","","","","","","","","","","","","","","","","","","","","","","","","","","",""
"I178","","","","","","","","","","","","","","","","","r38","","","","","","","","","","","","","","","","","","r38","","","","","","","","","","","","","","","","","","","","","","","","","","","","","","","","","","","","","","","",""
"I179","","","","","","","","d8","","","","","","","","","","","","","","","","","","","","","","","","","","","","","","","","","","","","","","","","","","","","","","","","","","","","","","","","","","","","d209","","","","d74","","",""
"I180","","","","","","","","","","","","","","","","","","","d210","","","","","","","","","","","","","","","","","","","","","","","","","","","","","","","","","","","","","","","","","","","","","","","","","","","","","","","",""
"I181","","","","","","","","","","","","","","","","","","","","r31","","","","","","","","","","","","","","","","","","","","","","","","","","","","","","","","","","","","","","","","","","","","","","","","","","","","","","",""
"I182","","","","","","","","d8","","","","","","","","","","","","","","","","","","","","","","","","","","","","","","","","","","","","","","","","","","","","","","","","","","","","","","","","","","","","d211","","","","d74","","",""
"I183","","","r75","","","r75","r75","","r75","","","r75","","","r75","","r75","","","","","","","r75","","r75","","","r75","","","","r75","","","","r75","r75","","","","r75","r75","","r75","","","","","","","","","","","","","","","","","","","","","","","","","","","","","",""
"I184","","","r46","","","","","","","","","","","","r46","","r46","","","","","","","","","d100","","","r46","","","","","","","","","","","","","","","","","","","","","","","","","","","","","","","","","","","","","","","","","","","","","",""
"I185","","","d212","","","","","","","","","","","","","","","","","","","","","","","","","","","","","","","","","","","","","","","","","","","","","","","","","","","","","","","","","","","","","","","","","","","","","","","",""
"I186","","","","","d58","","","d49","d60","","","","","","","","","","","","","","","","","","","","","","d51","","","d59","","","","","","","","","","d57","","","","","d47","d50","d52","","d55","d54","d53","","d213","","","","d56","","","","","","","","","","","d46","","",""
"I187","","","r49","","","","","","","","","","","","r49","","r49","","","","","","","","","r49","","","r49","","","","","","r49","","","","","","","","","","","","","","","","","","","","","","","","","","","","","","","","","","","","","","","",""
"I188","","","r51","","","","","","","","","","","","r51","","r51","","","","","","","","","r51","","","r51","","","","","","r51","","","","","","","","","","","","","","","","","","","","","","","","","","","","","","","","","","","","","","","",""
"I189","","","r73","","","r73","r73","","r73","","","r73","","","r73","","r73","","","","","","","r73","","r73","","","r73","","","","r73","","r73","","r73","r73","","","","r73","r73","","r73","","","","","","","","","","","","","","","","","","","","","","","","","","","","","",""
"I190","","r92","","r92","","","","r92","","","","","","","","","","","","r92","r92","","","","","","r92","","","","","r92","","","","","","","","","","","","","","","","","","","","","","","","","","","","","","","","","","","","","","","","","","",""
"I191","","","","d214","","","","","","","","","","","","","","","","","","","","","","","","","","","","","","","","","","","","","","","","","","","","","","","","","","","","","","","","","","","","","","","","","","","","","","",""
"I192","","","","","","","","","","","","","","","","","d215","","","","","","","","","","","","","","","","","","","","","","","","","","","","","","","","","","","","","","","","","","","","","","","","","","","","","","","","","",""
"I193","","","","","","","","","","","","","","","","","","","","d216","","","","","","","","","","","","","","","","","","","","","","","","","","","","","","","","","","","","","","","","","","","","","","","","","","","","","","",""
"I194","","d29","","d33","","","","d8","","","","","","","","","","","","","d31","","","","","","d26","","","","","d30","","","","","","","","","","","","","","","","","","","","d27","","","","d25","","","","d217","","","","","","","","","","","","d32","","",""
"I195","","","","","","","","","","d218","","","","","d85","","","","","","","","","","","","","","","","","","","","","","","","","","","","","","","","","","","","","","","","","","","","","","","","","","","","","","","","","","","",""
"I196","","","","","","","","","","d219","","","","","","","","","","","","","","","","","","","","","","","","","","","","","","","","","","","","","","","","","","","","","","","","","","","","","","","","","","","","","","","","",""
"I197","","","","","","","","","","","","","","","","","","","","","","","","","","","","","","","","","","","r43","","","","","","","","","","","","","","","","","","","","","","","","","","","","","","","","","","","","","","","",""
"I198","","r85","","r85","","","","r85","","","r85","","","","","","","","","r85","r85","","","","","","r85","","","","","r85","","","","","","","","r85","","","","","","","","","","","","","","","","","","","","","","","","","","","","","","","","","","",""
"I199","","","","","","","","","","","","","","","","","","","","","","","","","","","","","","","","d220","","","","","","","","","","","","","","","","","","","","","","","","","","","","","","","","","","","","","","","","","","",""
"I200","","d29","","d33","","","","d8","","","","","","","","","","","","","d31","","","","","","d26","","","","","d30","","","","","","","","","","","","","","","","","","","","d27","","","","d25","","","","d221","","","","","","","","","","","","d32","","",""
"I201","","","","","","","","d8","","","","","d19","d14","","","","","","","","","","","","","","d15","","","","d223","","","","","","","","","","","","","","","","","","","","","","","","","","","","","","","","d20","","","d222","","","","","d17","","d18",""
"I202","","","","","","","","r12","","","","","r12","r12","","","","","","","","","","","","","","r12","","","","r12","","","","","","","","","","","","","","","","","","","","","","","","","","","","","","","","","","","","","","","","","","",""
"I203","","","","","","","","d8","","","","","","","","","d224","","","","","","","","","","","","","","","","","","","","","","","","","","","","","","","","","","","","","","","","","","","","","","","","","","","","","","","d225","","",""
"I204","","","","","","","","r21","","","","","r21","r21","","","","","","","","","","","","","","r21","","","","r21","","","","","","","","","","","","","","","","","","","","","","","","","","","","","","","","","","","","","","","","","","",""
"I205","","","","","","","","","","","","","","","","","d226","","","","","","","","","","","","","","","","","","","","","","","","","","","","","","","","","","","","","","","","","","","","","","","","","","","","","","","","","",""
"I206","","","","","","","","","","","","","","","","","","","","d227","","","","","","","","","","","","","","","","","","","","","","","","","","","","","","","","","","","","","","","","","","","","","","","","","","","","","","",""
"I207","","","","","","","","d8","","","","","","","","","d228","","","","","","","","","","","","","","","","","","","","","","","","","","","","","","","","","","","","","","","","","","","","","","","","","","","","","","","d229","","",""
"I208","","","","","","","","r40","","","","","","","","","","","","","","","","","","","","","","","","","","","","","","","","","","","","","","","","","","","","","","","","","","","","","","","","","","","","","","","","","","",""
"I209","","","","","","","","","","","","","","","","","r37","","","","","","","","","","","","","","","","","","r37","","","","","","","","","","","","","","","","","","","","","","","","","","","","","","","","","","","","","","","",""
"I210","","","","","","","","","","","","","","","","","d230","","","","","","","","","","","","","","","","","","","","","","","","","","","","","","","","","","","","","","","","","","","","","","","","","","","","","","","","","",""
"I211","","","","","","","","","","","","","","","","","d231","","","","","","","","","","","","","","","","","","","","","","","","","","","","","","","","","","","","","","","","","","","","","","","","","","","","","","","","","",""
"I212","","","","","","","","","","","","","","","","","d232","","","","","","","","","","","","","","","","","","","","","","","","","","","","","","","","","","","","","","","","","","","","","","","","","","","","","","","","","",""
"I213","","","","","","","","","","","","","","","d85","","","","","","","","","","","","","","","","","","","","d233","","","","","","","","","","","","","","","","","","","","","","","","","","","","","","","","","","","","","","","",""
"I214","","","","","","","","","","","","","","","","","d234","","","","","","","","","","","","","","","","","","","","","","","","","","","","","","","","","","","","","","","","","","","","","","","","","","","","","","","","","",""
"I215","","r90","","r90","","","","r90","","","","","","","","","","","","r90","r90","","","","","","r90","","","","","r90","","","","","","","","","","","","","","","","","","","","","","","","","","","","","","","","","","","","","","","","","","",""
"I216","","","","d235","","","","","","","","","","","","","","","","","","","","","","","","","","","","","","","","","","","","","","","","","","","","","","","","","","","","","","","","","","","","","","","","","","","","","","",""
"I217","","","","","","","","","","","r81","","","","","","","","","r81","","","","","","","","","","","","","","","","","","","","r81","","","","","","","","","","","","","","","","","","","","","","","","","","","","","","","","","","",""
"I218","","","","","","","","","","d236","","","","","","","","","","","","","","","","","","","","","","","","","","","","","","","","","","","","","","","","","","","","","","","","","","","","","","","","","","","","","","","","",""
"I219","","","","","d58","","","d49","d60","","","","","","","","","","","","","","","","","","","","","","d51","","","d59","","","","","","","","","","d57","","","","","d47","d50","d52","","d55","d54","d53","","d237","","","","d56","","","","","","","","","","","d46","","",""
"I220","","d29","","d33","","","","d8","","","","","","","","","","","","","d31","","","","","","d26","","","","","d30","","","","","","","","","","","","","","","","","","","","d27","","","","d25","","","","d238","","","","","","","","","","","","d32","","",""
"I221","","","","","","","","","","","","","","","","","","","","d239","","","","","","","","","","","","","","","","","","","","","","","","","","","","","","","","","","","","","","","","","","","","","","","","","","","","","","",""
"I222","","","","","","","","","","","","","","","","","","","","","","","","","","","","","","","","d240","","","","","","","","","","","","","","","","","","","","","","","","","","","","","","","","","","","","","","","","","","",""
"I223","","d29","","d33","","","","d8","","","","","","","","","","","","","d31","","","","","","d26","","","","","d30","","","","","","","","","","","","","","","","","","","","d27","","","","d25","","","","d241","","","","","","","","","","","","d32","","",""
"I224","","","","","","","","r19","","","","","r19","r19","","","","","","","","","","","","","","r19","","","","r19","","","","","","","","","","","","","","","","","","","","","","","","","","","","","","","","","","","","","","","","","","",""
"I225","","","","","","","","","","","","","","","","","d242","","","","","","","","","","","","","","","","","","","","","","","","","","","","","","","","","","","","","","","","","","","","","","","","","","","","","","","","","",""
"I226","","","","","","","","r20","","","","","r20","r20","","","","","","","","","","","","","","r20","","","","r20","","","","","","","","","","","","","","","","","","","","","","","","","","","","","","","","","","","","","","","","","","",""
"I227","","","","","","","","d8","","","","","","","","","d243","","","","","","","","","","","","","","","","","","","","","","","","","","","","","","","","","","","","","","","","","","","","","","","","","","","","","","","d244","","",""
"I228","","","","","","","","r17","","","","","r17","r17","","","","","","","","","","","","","","r17","","","","r17","","","","","","","","","","","","","","","","","","","","","","","","","","","","","","","","","","","","","","","","","","",""
"I229","","","","","","","","","","","","","","","","","d245","","","","","","","","","","","","","","","","","","","","","","","","","","","","","","","","","","","","","","","","","","","","","","","","","","","","","","","","","",""
"I230","","","","","","","","r11","","","","","r11","r11","","","","","","","","","","","","","","r11","","","","r11","","","","","","","","","","","","","","","","","","","","","","","","","","","","","","","","","","","","","","","","","","",""
"I231","","","","","","","","r32","","","","","","","","","","","","r32","","","","","","","","","","","","","","","","","","","","","","","","","","","","","","","","","","","","","","","","","","","","","","","","","","","","","","",""
"I232","","r95","","r95","","","","r95","","","","","","","","","","","","r95","r95","","","","","","r95","","","","","r95","","","","","","","","","","","","","","","","","","","","","","","","","","","","","","","","","","","","","","","","","","",""
"I233","","","r76","","","r76","r76","","r76","","","r76","","","r76","","r76","","","","","","","r76","","r76","","","r76","","","","r76","","","","r76","r76","","","","r76","r76","","r76","","","","","","","","","","","","","","","","","","","","","","","","","","","","","",""
"I234","","r91","","r91","","","","r91","","","","","","","","","","","","r91","r91","","","","","","r91","","","","","r91","","","","","","","","","","","","","","","","","","","","","","","","","","","","","","","","","","","","","","","","","","",""
"I235","","","","","","","","","","","","","","","","","d246","","","","","","","","","","","","","","","","","","","","","","","","","","","","","","","","","","","","","","","","","","","","","","","","","","","","","","","","","",""
"I236","","","","","d58","","","d49","d60","","","","","","","","","","","","","","","","","","","","","","d51","","","d59","","","","","","","","","","d57","","","","","d47","d50","d52","","d55","d54","d53","","d247","","","","d56","","","","","","","","","","","d46","","",""
"I237","","","d248","","","","","","","","","","","","d85","","","","","","","","","","","","","","","","","","","","","","","","","","","","","","","","","","","","","","","","","","","","","","","","","","","","","","","","","","","",""
"I238","","","","","","","","","","","","","","","","","","","","d249","","","","","","","","","","","","","","","","","","","","","","","","","","","","","","","","","","","","","","","","","","","","","","","","","","","","","","",""
"I239","","","","","","","","d8","","","","","","","","","d250","","","","","","","","","","","","","","","","","","","","","","","","","","","","","","","","","","","","","","","","","","","","","","","","","","","","","","","d251","","",""
"I240","","d29","","d33","","","","d8","","","","","","","","","","","","","d31","","","","","","d26","","","","","d30","","","","","","","","","","","","","","","","","","","","d27","","","","d25","","","","d252","","","","","","","","","","","","d32","","",""
"I241","","","","","","","","","","","","","","","","","","","","d253","","","","","","","","","","","","","","","","","","","","","","","","","","","","","","","","","","","","","","","","","","","","","","","","","","","","","","",""
"I242","","","","","","","","r18","","","","","r18","r18","","","","","","","","","","","","","","r18","","","","r18","","","","","","","","","","","","","","","","","","","","","","","","","","","","","","","","","","","","","","","","","","",""
"I243","","","","","","","","r15","","","","","r15","r15","","","","","","","","","","","","","","r15","","","","r15","","","","","","","","","","","","","","","","","","","","","","","","","","","","","","","","","","","","","","","","","","",""
"I244","","","","","","","","","","","","","","","","","d254","","","","","","","","","","","","","","","","","","","","","","","","","","","","","","","","","","","","","","","","","","","","","","","","","","","","","","","","","",""
"I245","","","","","","","","r16","","","","","r16","r16","","","","","","","","","","","","","","r16","","","","r16","","","","","","","","","","","","","","","","","","","","","","","","","","","","","","","","","","","","","","","","","","",""
"I246","","r89","","r89","","","","r89","","","","","","","","","","","","r89","r89","","","","","","r89","","","","","r89","","","","","","","","","","","","","","","","","","","","","","","","","","","","","","","","","","","","","","","","","","",""
"I247","","","d255","","","","","","","","","","","","d85","","","","","","","","","","","","","","","","","","","","","","","","","","","","","","","","","","","","","","","","","","","","","","","","","","","","","","","","","","","",""
"I248","","d29","","d33","","","","d8","","","","","","","","","","","","","d31","","","","","","d26","","","","","d30","","","","","","","","","","","","","","","","","","","","d27","","","","d25","","","","d256","","","","","","","","","","","","d32","","",""
"I249","","","","","","","","d8","","","","","","","","","d257","","","","","","","","","","","","","","","","","","","","","","","","","","","","","","","","","","","","","","","","","","","","","","","","","","","","","","","d258","","",""
"I250","","","","","","","","r29","","","","","r29","r29","","","","","","","","","","","","","","r29","","","","r29","","","","","","","","","","","","","","","","","","","","","","","","","","","","","","","","","","","","","","","","","","",""
"I251","","","","","","","","","","","","","","","","","d259","","","","","","","","","","","","","","","","","","","","","","","","","","","","","","","","","","","","","","","","","","","","","","","","","","","","","","","","","",""
"I252","","","","","","","","","","","","","","","","","","","","d260","","","","","","","","","","","","","","","","","","","","","","","","","","","","","","","","","","","","","","","","","","","","","","","","","","","","","","",""
"I253","","","","","","","","d8","","","","","","","","","d261","","","","","","","","","","","","","","","","","","","","","","","","","","","","","","","","","","","","","","","","","","","","","","","","","","","","","","","d262","","",""
"I254","","","","","","","","r14","","","","","r14","r14","","","","","","","","","","","","","","r14","","","","r14","","","","","","","","","","","","","","","","","","","","","","","","","","","","","","","","","","","","","","","","","","",""
"I255","","d29","","d33","","","","d8","","","","","","","","","","","","","d31","","","","","","d26","","","","","d30","","","","","","","","","","","","","","","","","","","","d27","","","","d25","","","","d263","","","","","","","","","","","","d32","","",""
"I256","","","","","","","","","","","","","","","","","","","","d264","","","","","","","","","","","","","","","","","","","","","","","","","","","","","","","","","","","","","","","","","","","","","","","","","","","","","","",""
"I257","","","","","","","","r27","","","","","r27","r27","","","","","","","","","","","","","","r27","","","","r27","","","","","","","","","","","","","","","","","","","","","","","","","","","","","","","","","","","","","","","","","","",""
"I258","","","","","","","","","","","","","","","","","d265","","","","","","","","","","","","","","","","","","","","","","","","","","","","","","","","","","","","","","","","","","","","","","","","","","","","","","","","","",""
"I259","","","","","","","","r28","","","","","r28","r28","","","","","","","","","","","","","","r28","","","","r28","","","","","","","","","","","","","","","","","","","","","","","","","","","","","","","","","","","","","","","","","","",""
"I260","","","","","","","","d8","","","","","","","","","d266","","","","","","","","","","","","","","","","","","","","","","","","","","","","","","","","","","","","","","","","","","","","","","","","","","","","","","","d267","","",""
"I261","","","","","","","","r25","","","","","r25","r25","","","","","","","","","","","","","","r25","","","","r25","","","","","","","","","","","","","","","","","","","","","","","","","","","","","","","","","","","","","","","","","","",""
"I262","","","","","","","","","","","","","","","","","d268","","","","","","","","","","","","","","","","","","","","","","","","","","","","","","","","","","","","","","","","","","","","","","","","","","","","","","","","","",""
"I263","","","","","","","","","","","","","","","","","","","","d269","","","","","","","","","","","","","","","","","","","","","","","","","","","","","","","","","","","","","","","","","","","","","","","","","","","","","","",""
"I264","","","d270","","","","","","","","","","","","","","","","","","","","","","","","","","","","","","","","","","","","","","","","","","","","","","","","","","","","","","","","","","","","","","","","","","","","","","","",""
"I265","","","","","","","","r26","","","","","r26","r26","","","","","","","","","","","","","","r26","","","","r26","","","","","","","","","","","","","","","","","","","","","","","","","","","","","","","","","","","","","","","","","","",""
"I266","","","","","","","","r23","","","","","r23","r23","","","","","","","","","","","","","","r23","","","","r23","","","","","","","","","","","","","","","","","","","","","","","","","","","","","","","","","","","","","","","","","","",""
"I267","","","","","","","","","","","","","","","","","d271","","","","","","","","","","","","","","","","","","","","","","","","","","","","","","","","","","","","","","","","","","","","","","","","","","","","","","","","","",""
"I268","","","","","","","","r24","","","","","r24","r24","","","","","","","","","","","","","","r24","","","","r24","","","","","","","","","","","","","","","","","","","","","","","","","","","","","","","","","","","","","","","","","","",""
"I269","","","d272","","","","","","","","","","","","","","","","","","","","","","","","","","","","","","","","","","","","","","","","","","","","","","","","","","","","","","","","","","","","","","","","","","","","","","","",""
"I270","","","","","","","","","","","","","","","","","d273","","","","","","","","","","","","","","","","","","","","","","","","","","","","","","","","","","","","","","","","","","","","","","","","","","","","","","","","","",""
"I271","","","","","","","","r22","","","","","r22","r22","","","","","","","","","","","","","","r22","","","","r22","","","","","","","","","","","","","","","","","","","","","","","","","","","","","","","","","","","","","","","","","","",""
"I272","","","","","","","","","","","","","","","","","d274","","","","","","","","","","","","","","","","","","","","","","","","","","","","","","","","","","","","","","","","","","","","","","","","","","","","","","","","","",""
"I273","","r94","","r94","","","","r94","","","r94","","","","","","","","","r94","r94","","","","","","r94","","","","","r94","","","","","","","","r94","","","","","","","","","","","","","","","","","","","","","","","","","","","","","","","","","","",""
"I274","","r93","","r93","","","","r93","","","r93","","","","","","","","","r93","r93","","","","","","r93","","","","","r93","","","","","","","","r93","","","","","","","","","","","","","","","","","","","","","","","","","","","","","","","","","","",""
